POS_UNIQUE_ID,POS_CONTROLLER,POS_CONTROLLER_DESCRIPTION,FISCYEAR,YFISCQRT,FISCPER,YFISCWEEK,CALDAY,END_TIME_STAMP,MATERIAL,MATERIAL_DESCRIPTION,MATERIAL_YDEPT_DESCRIPTION,EXT_YMDEPT_DESCRIPTION,YCLASS_DESCRIPTION,YSUBCLASS_DESCRIPTION,YCLASS,YSUBCLASS,PLANT,POS_Amt,POS_Qty_SUoM,REGISTER,SALES_ITEM_TYPE_DESCRIPTION,Sales_UoM,XREFERENCE_NUMBER,FLAG,prov,prov2,DISTRICT,MARKET
7274-20180309-02508-090,3V,Sp. Srvc. Dsk  VPOS,2018,20181,2018002,201806,20180309,230445,000000001000793158,Stratos Charcl 18x18 CrptTile 10 Til,23 FLOORING,23 FLOORING,23XX02 CARPETING,23XX0217 CARPET TILE,02048,10262,7274,159.84,3.0,0000000090,Special Order Sales,CS,00001018762702094863,C,Online,Online,D-Ecomm,Online
7274-20180919-09594-090,3V,Sp. Srvc. Dsk  VPOS,2018,20183,2018008,201834,20180919,104641,000000001001045206,6x24Montagna Wood Vintage14.53sf/cv,23 FLOORING,23 FLOORING,23XX06 CERAMIC TILE,"23XX0624 13"" SMALLER",02052,10309,7274,130.32,3.0,0000000090,Special Order Sales,CS,00001019323483279227,C,Online,Online,D-Ecomm,Online
7274-20181008-04560-090,3V,Sp. Srvc. Dsk  VPOS,2018,20183,2018009,201837,20181008,084531,000000001001122075,Multi-Width x 47.6-inch Night Gr,23 FLOORING,23 FLOORING,23XX07 WALL SOLUTION,23XX0706 VINYL,02053,10321,7274,315.78,2.0,0000000090,Special Order Sales,CS,00001018976413454509,C,Online,Online,D-Ecomm,Online
7274-20180906-05830-090,3V,Sp. Srvc. Dsk  VPOS,2018,20183,2018008,201832,20180906,115508,000000001001053164,"28"" High Furniture Legs 2 pk Steel",21 LUMBER,21 LUMBER,21XX05 BOARDS,21XX0502 WHITEWOOD,02005,10030,7274,173.0,1.0,0000000090,Special Order Sales,EA,00001019252039861004,P,Online,Online,D-Ecomm,Online
7274-20180824-03500-090,3V,Sp. Srvc. Dsk  VPOS,2018,20183,2018007,201830,20180824,030229,000000001001125265,Acacia Project Panel - Espresso 16,21 LUMBER,21 LUMBER,21XX05 BOARDS,21XX0512 LAMINATED P,02005,10040,7274,218.24,2.0,0000000090,Special Order Sales,EA,00001018955529645589,C,Online,Online,D-Ecomm,Online
7274-20180228-07010-090,3V,Sp. Srvc. Dsk  VPOS,2018,20181,2018002,201805,20180228,100758,000000001001026321,California Shag Silver 2 ft. 3 i,23 FLOORING,23 FLOORING,23XX03 AREA RUGS/MAT,23XX0307 SYNTHETIC R,02049,10273,7274,510.0,5.0,0000000090,Special Order Sales,EA,00001018432826751273,C,Online,Online,D-Ecomm,Online
7274-20180510-07236-090,3V,Sp. Srvc. Dsk  VPOS,2018,20182,2018004,201815,20180510,090602,000000001001050469,Courtyard Black / Beige 5 ft. 3,23 FLOORING,23 FLOORING,23XX03 AREA RUGS/MAT,23XX0307 SYNTHETIC R,02049,10273,7274,111.0,1.0,0000000090,Special Order Sales,EA,00001016107553968926,C,Online,Online,D-Ecomm,Online
7274-20180928-05812-090,3V,Sp. Srvc. Dsk  VPOS,2018,20183,2018009,201835,20180928,011746,000000001001077888,Adirondack Silver Multi 2 ft. 6,23 FLOORING,23 FLOORING,23XX03 AREA RUGS/MAT,23XX0307 SYNTHETIC R,02049,10273,7274,46.95,1.0,0000000090,Special Order Sales,EA,00001019514284690632,C,Online,Online,D-Ecomm,Online
7274-20180504-02701-090,3V,Sp. Srvc. Dsk  VPOS,2018,20182,2018004,201814,20180504,143357,000000001000745897,Rug Pad 9 Feet x 12 Feet Ultra,23 FLOORING,23 FLOORING,23XX03 AREA RUGS/MAT,23XX0311 ACCESSORIES,02049,10277,7274,68.48,2.0,0000000090,Special Order Sales,EA,00001004936424308700,C,Online,Online,D-Ecomm,Online
7274-20181010-01228-090,3V,Sp. Srvc. Dsk  VPOS,2018,20183,2018009,201837,20181010,162543,000000001001106125,TM 90inx204in Gray Garage Flooring,23 FLOORING,23 FLOORING,23XX04 VINYL FLOORIN,23XX0402 VINYL ROLL,02050,10282,7274,296.0,2.0,0000000090,Special Order Sales,EA,00001018585156010891,C,Online,Online,D-Ecomm,Online
7274-20181023-09285-090,3V,Sp. Srvc. Dsk  VPOS,2018,20183,2018009,201839,20181023,175140,000000001001201398,Levant 5 ft. x 10 ft. Slate Grey,23 FLOORING,23 FLOORING,23XX04 VINYL FLOORIN,23XX0402 VINYL ROLL,02050,10282,7274,118.0,1.0,0000000090,Special Order Sales,EA,00001019233086603479,C,Online,Online,D-Ecomm,Online
7274-20180612-03883-090,3V,Sp. Srvc. Dsk  VPOS,2018,20182,2018005,201820,20180612,102000,000000001001111955,Starter Plus ECO 600 sq. ft. 1.5,23 FLOORING,23 FLOORING,23XX04 VINYL FLOORIN,23XX0407 VINYL TOOLS,02050,10287,7274,196.0,2.0,0000000090,Special Order Sales,EA,00001019179085155342,C,Online,Online,D-Ecomm,Online
7274-20181023-06823-090,3V,Sp. Srvc. Dsk  VPOS,2018,20183,2018009,201839,20181023,083203,000000001001034605,Tapping Block,23 FLOORING,23 FLOORING,23XX04 VINYL FLOORIN,23XX0407 VINYL TOOLS,02050,10287,7274,15.75,1.0,0000000090,Special Order Sales,EA,00001015396612717294,C,Online,Online,D-Ecomm,Online
7274-20180221-06221-090,3V,Sp. Srvc. Dsk  VPOS,2018,20181,2018001,201804,20180221,010021,000000001001042363,Floor Heating Kit 120V-Tempzone,23 FLOORING,23 FLOORING,23XX14 TILE SET MATE,23XX1405 TOOLS,02060,10366,7274,348.0,1.0,0000000090,Special Order Sales,EA,00001017659078165200,C,Online,Online,D-Ecomm,Online
7274-20180301-09526-090,3V,Sp. Srvc. Dsk  VPOS,2018,20181,2018002,201805,20180301,160139,000000001001042363,Floor Heating Kit 120V-Tempzone,23 FLOORING,23 FLOORING,23XX14 TILE SET MATE,23XX1405 TOOLS,02060,10366,7274,348.0,1.0,0000000090,Special Order Sales,EA,00001018812478913712,C,Online,Online,D-Ecomm,Online
7274-20180823-02745-090,3V,Sp. Srvc. Dsk  VPOS,2018,20183,2018007,201830,20180823,172546,000000001000819680,Pan Shower Component 32x60 Centre Dr,23 FLOORING,23 FLOORING,23XX14 TILE SET MATE,23XX1405 TOOLS,02060,10366,7274,127.6,1.0,0000000090,Special Order Sales,EA,00001015310274376913,P,Online,Online,D-Ecomm,Online
7274-20180904-09941-090,3V,Sp. Srvc. Dsk  VPOS,2018,20183,2018008,201832,20180904,113753,000000001001042363,Floor Heating Kit 120V-Tempzone,23 FLOORING,23 FLOORING,23XX14 TILE SET MATE,23XX1405 TOOLS,02060,10366,7274,491.0,1.0,0000000090,Special Order Sales,EA,00001019337747866077,C,Online,Online,D-Ecomm,Online
7274-20180228-08391-090,3V,Sp. Srvc. Dsk  VPOS,2018,20181,2018002,201805,20180228,195745,000000001000744927,"RIDGID 7"" TILE SAW",23 FLOORING,23 FLOORING,23XX14 TILE SET MATE,23XX1407 TILE CUTTER,02060,10368,7274,349.0,1.0,0000000090,Special Order Sales,EA,00001016233373797034,C,Online,Online,D-Ecomm,Online
7274-20180212-03763-090,3V,Sp. Srvc. Dsk  VPOS,2018,20181,2018001,201803,20180212,144056,000000001000107901,7: ADJUSTABLE BLOCK PLANE,25 HARDWARE,25 HARDWARE,25XX01 HAND TOOLS,25XX0106 CUTTING TOO,02114,10647,7274,23.98,1.0,0000000090,Special Order Sales,EA,00001018750406436232,C,Online,Online,D-Ecomm,Online
7274-20181017-06187-090,3V,Sp. Srvc. Dsk  VPOS,2018,20183,2018009,201838,20181017,144517,000000001000858903,3 Piece Pry Bar Set Nickel Finis,25 HARDWARE,25 HARDWARE,25XX01 HAND TOOLS,25XX0113 WRECKING &,02114,10653,7274,134.0,1.0,0000000090,Special Order Sales,EA,00001004937626272871,P,Online,Online,D-Ecomm,Online
7274-20180705-04004-090,3V,Sp. Srvc. Dsk  VPOS,2018,20182,2018006,201823,20180705,210226,000000001001014375,GLM 20 X 65' Laser Measure,25 HARDWARE,25 HARDWARE,25XX01 HAND TOOLS,25XX0117 LASERS,02114,10657,7274,299.88,6.0,0000000090,Special Order Sales,EA,00001018443811814383,P,Online,Online,D-Ecomm,Online
7274-20180220-05693-090,3V,Sp. Srvc. Dsk  VPOS,2018,20181,2018001,201804,20180220,181603,000000001000789067,1-1/4 in. Garrett Knob,25 HARDWARE,25 HARDWARE,25XX04 BUILDER'S HAR,25XX0403 CABINET,02117,10686,7274,14.76,6.0,0000000090,Special Order Sales,EA,00001016865511410429,C,Online,Online,D-Ecomm,Online
7274-20180307-08804-090,3V,Sp. Srvc. Dsk  VPOS,2018,20181,2018002,201806,20180307,181332,000000001000789109,3 in. Awning Cup Pull,25 HARDWARE,25 HARDWARE,25XX04 BUILDER'S HAR,25XX0403 CABINET,02117,10686,7274,65.88,12.0,0000000090,Special Order Sales,EA,00001018856369604046,C,Online,Online,D-Ecomm,Online
7274-20180404-00466-090,3V,Sp. Srvc. Dsk  VPOS,2018,20181,2018003,201810,20180404,130608,000000001000816091,PULL MET.128MM(8/32)BRUSH.NICK,25 HARDWARE,25 HARDWARE,25XX04 BUILDER'S HAR,25XX0403 CABINET,02117,10686,7274,155.7,30.0,0000000090,Special Order Sales,EA,00001012812299820745,C,Online,Online,D-Ecomm,Online
7274-20180427-07159-090,3V,Sp. Srvc. Dsk  VPOS,2018,20181,2018003,201813,20180427,182615,000000001000663116,REVITALIZE ROUND KNOB,25 HARDWARE,25 HARDWARE,25XX04 BUILDER'S HAR,25XX0403 CABINET,02117,10686,7274,203.0,35.0,0000000090,Special Order Sales,EA,00001012154746503103,C,Online,Online,D-Ecomm,Online
7274-20180607-04262-090,3V,Sp. Srvc. Dsk  VPOS,2018,20182,2018005,201819,20180607,110434,000000001001020247,Contemporary Metal Knob - Matte,25 HARDWARE,25 HARDWARE,25XX04 BUILDER'S HAR,25XX0403 CABINET,02117,10686,7274,85.6,16.0,0000000090,Special Order Sales,EA,00001019164586809402,C,Online,Online,D-Ecomm,Online
7274-20180703-06634-090,3V,Sp. Srvc. Dsk  VPOS,2018,20182,2018006,201823,20180703,185010,000000001000789689,Cabinet Door Soft Close Damper 10 pc,25 HARDWARE,25 HARDWARE,25XX04 BUILDER'S HAR,25XX0403 CABINET,02117,10686,7274,108.94,2.0,0000000090,Special Order Sales,EA,00001016332285628444,C,Online,Online,D-Ecomm,Online
7274-20180709-08592-090,3V,Sp. Srvc. Dsk  VPOS,2018,20182,2018006,201824,20180709,120256,000000001000816252,"PULL MET.3""(8/32)ANT. ENGLISH",25 HARDWARE,25 HARDWARE,25XX04 BUILDER'S HAR,25XX0403 CABINET,02117,10686,7274,53.82,13.0,0000000090,Special Order Sales,EA,00001017666570946038,C,Online,Online,D-Ecomm,Online
7274-20180722-08248-090,3V,Sp. Srvc. Dsk  VPOS,2018,20182,2018006,201825,20180722,190032,000000001000789688,Cabinet Door Soft Close Damper 1 pc,25 HARDWARE,25 HARDWARE,25XX04 BUILDER'S HAR,25XX0403 CABINET,02117,10686,7274,11.96,2.0,0000000090,Special Order Sales,EA,00001019186844116569,C,Online,Online,D-Ecomm,Online
7274-20181001-02327-090,3V,Sp. Srvc. Dsk  VPOS,2018,20183,2018009,201836,20181001,164301,000000001000817844,KNOB 40MM(8/32)12MM BRUS.NICKE,25 HARDWARE,25 HARDWARE,25XX04 BUILDER'S HAR,25XX0403 CABINET,02117,10686,7274,111.36,32.0,0000000090,Special Order Sales,EA,00001019525687993212,C,Online,Online,D-Ecomm,Online
7274-20180618-07431-090,3V,Sp. Srvc. Dsk  VPOS,2018,20182,2018005,201821,20180618,142515,000000001000158377,"HINGE 1/2"" OVERLAY BRUSHED NICKEL",25 HARDWARE,25 HARDWARE,25XX04 BUILDER'S HAR,25XX0404 DOOR HARDWA,02117,10687,7274,119.6,20.0,0000000090,Special Order Sales,EA,00001018090387664032,C,Online,Online,D-Ecomm,Online
7274-20181021-03019-090,3V,Sp. Srvc. Dsk  VPOS,2018,20183,2018009,201838,20181021,135331,000000001001102314,EB 2-Sided Hdl Sldng Dr Hrd w/sf cls,25 HARDWARE,25 HARDWARE,25XX04 BUILDER'S HAR,25XX0404 DOOR HARDWA,02117,10687,7274,79.0,1.0,0000000090,Special Order Sales,EA,00001019593155494599,C,Online,Online,D-Ecomm,Online
7274-20180326-06722-090,3V,Sp. Srvc. Dsk  VPOS,2018,20181,2018003,201809,20180326,173552,000000001000112488,WINDOW-FOLD AWAY HANDLES WHITE (C),25 HARDWARE,25 HARDWARE,25XX04 BUILDER'S HAR,25XX0405 WINDOW HARD,02117,10688,7274,13.74,1.0,0000000090,Special Order Sales,EA,00001017203540278802,C,Online,Online,D-Ecomm,Online
7274-20180213-06864-090,3V,Sp. Srvc. Dsk  VPOS,2018,20181,2018001,201803,20180213,175623,000000001000742456,Plastic Cap Washers White 500pcs/box,25 HARDWARE,25 HARDWARE,25XX04 BUILDER'S HAR,25XX0408 SCREEN/STOR,02117,10690,7274,19.34,2.0,0000000090,Special Order Sales,EA,00001014124186414502,P,Online,Online,D-Ecomm,Online
7274-20180409-08055-090,3V,Sp. Srvc. Dsk  VPOS,2018,20181,2018003,201811,20180409,172138,000000001000741297,Storm Door Handle Set/Deadbolt Brass,25 HARDWARE,25 HARDWARE,25XX04 BUILDER'S HAR,25XX0408 SCREEN/STOR,02117,10690,7274,69.48,1.0,0000000090,Special Order Sales,EA,00001017629583287609,C,Online,Online,D-Ecomm,Online
7274-20180528-01804-090,3V,Sp. Srvc. Dsk  VPOS,2018,20182,2018005,201818,20180528,145543,000000001000743054,Screen Door Rollers Zinc,25 HARDWARE,25 HARDWARE,25XX04 BUILDER'S HAR,25XX0408 SCREEN/STOR,02117,10690,7274,16.48,1.0,0000000090,Special Order Sales,EA,00001015634561566293,C,Online,Online,D-Ecomm,Online
7274-20180712-01063-090,3V,Sp. Srvc. Dsk  VPOS,2018,20182,2018006,201824,20180712,210604,000000001000737836,18 ft. Black Garage Door Threshold K,25 HARDWARE,25 HARDWARE,25XX04 BUILDER'S HAR,25XX0410 WEATHER STR,02117,10692,7274,148.0,1.0,0000000090,Special Order Sales,EA,00001019289196050037,C,Online,Online,D-Ecomm,Online
7274-20180202-01221-090,3V,Sp. Srvc. Dsk  VPOS,2018,20181,2018001,201801,20180202,101713,000000001000712720,Black Woodlands Wallmount Mailbox,25 HARDWARE,25 HARDWARE,25XX04 BUILDER'S HAR,25XX0416 MAILBOXES/P,02117,10698,7274,49.26,1.0,0000000090,Special Order Sales,EA,00001017559806502099,C,Online,Online,D-Ecomm,Online
7274-20180301-08613-090,3V,Sp. Srvc. Dsk  VPOS,2018,20181,2018002,201805,20180301,004833,000000001000790223,22 inch  Bottom Mount  Drawer Slide,25 HARDWARE,25 HARDWARE,25XX04 BUILDER'S HAR,25XX0417 DRAWER SLID,02117,10699,7274,100.56,12.0,0000000090,Special Order Sales,EA,00001018608899305616,C,Online,Online,D-Ecomm,Online
7274-20180626-01362-090,3V,Sp. Srvc. Dsk  VPOS,2018,20182,2018006,201822,20180626,174255,000000001000722795,Electronic Fire Safe - 1.2 cu. ft.,25 HARDWARE,25 HARDWARE,25XX05 SECURITY/SAFE,25XX0506 SAFES,02118,10710,7274,275.0,1.0,0000000090,Special Order Sales,EA,00001019067163112331,C,Online,Online,D-Ecomm,Online
7274-20180314-08228-090,3V,Sp. Srvc. Dsk  VPOS,2018,20181,2018002,201807,20180314,120911,000000001000803785,Deco Bronze Extra Tall Walk-Thru Gat,25 HARDWARE,25 HARDWARE,25XX05 SECURITY/SAFE,25XX0507 CHILD PROTE,02118,10711,7274,99.99,1.0,0000000090,Special Order Sales,EA,00001018878462408634,C,Online,Online,D-Ecomm,Online
7274-20180904-00794-090,3V,Sp. Srvc. Dsk  VPOS,2018,20183,2018008,201832,20180904,144636,000000001000786026,Sure & Secure 6 ft. Metal Expansion,25 HARDWARE,25 HARDWARE,25XX05 SECURITY/SAFE,25XX0507 CHILD PROTE,02118,10711,7274,108.0,1.0,0000000090,Special Order Sales,EA,00001019131588243221,C,Online,Online,D-Ecomm,Online
7274-20181016-02571-090,3V,Sp. Srvc. Dsk  VPOS,2018,20183,2018009,201838,20181016,120413,000000001001066116,SB High Perf Glvs Bonus Pr 4pk L,25 HARDWARE,25 HARDWARE,25XX05 SECURITY/SAFE,25XX0511 WORK GLOVES,02118,10715,7274,15.97,1.0,0000000090,Special Order Sales,EA,00001019193751083001,C,Online,Online,D-Ecomm,Online
7274-20180419-05719-090,3V,Sp. Srvc. Dsk  VPOS,2018,20181,2018003,201812,20180419,200456,000000001001036056,Performance Series 3650 Watt 120,25 HARDWARE,25 HARDWARE,25XX06 MISCELLANEOUS,25XX0603 PORTABLE GE,02119,10720,7274,389.0,1.0,0000000090,Special Order Sales,EA,00001015034828874537,C,Online,Online,D-Ecomm,Online
7274-20180423-04201-090,3V,Sp. Srvc. Dsk  VPOS,2018,20181,2018003,201813,20180423,193001,000000001001036058,Performance Series 5700 Remote/C,25 HARDWARE,25 HARDWARE,25XX06 MISCELLANEOUS,25XX0603 PORTABLE GE,02119,10720,7274,-50.0,-1.0,0000000090,Special Order Return,EA,00001017374650171010,C,Online,Online,D-Ecomm,Online
7274-20180508-02464-090,3V,Sp. Srvc. Dsk  VPOS,2018,20182,2018004,201815,20180508,173147,000000001000697564,Inferno Propane Torch Kit,25 HARDWARE,25 HARDWARE,25XX06 MISCELLANEOUS,25XX0604 WELDERS,02119,10721,7274,104.99,1.0,0000000090,Special Order Sales,EA,00001019053877931042,C,Online,Online,D-Ecomm,Online
7274-20180320-06610-090,3V,Sp. Srvc. Dsk  VPOS,2018,20181,2018002,201808,20180320,121318,000000001000770129,SB 53L/14G Wet/Dry Vac w/Auto Detail,25 HARDWARE,25 HARDWARE,25XX06 MISCELLANEOUS,25XX0606 SHOP/STEAM,02119,10722,7274,214.0,1.0,0000000090,Special Order Sales,EA,00001014814058597508,C,Online,Online,D-Ecomm,Online
7274-20180423-02043-090,3V,Sp. Srvc. Dsk  VPOS,2018,20181,2018003,201813,20180423,154055,000000001000803651,Wet/Dry Vacuum 10-15 U.S. Gallon Rep,25 HARDWARE,25 HARDWARE,25XX06 MISCELLANEOUS,25XX0606 SHOP/STEAM,02119,10722,7274,14.99,1.0,0000000090,Special Order Sales,EA,00001018972432272630,C,Online,Online,D-Ecomm,Online
7274-20180509-04997-090,3V,Sp. Srvc. Dsk  VPOS,2018,20182,2018004,201815,20180509,151334,000000001001022003,60 L (16 Gal.) 2-Stage Motor Pro,25 HARDWARE,25 HARDWARE,25XX06 MISCELLANEOUS,25XX0606 SHOP/STEAM,02119,10722,7274,446.0,1.0,0000000090,Special Order Sales,EA,00001012153954322711,P,Online,Online,D-Ecomm,Online
7274-20180514-09501-090,3V,Sp. Srvc. Dsk  VPOS,2018,20182,2018004,201816,20180514,162005,000000001000154880,SMALLFINE DUST BAGS FOR PROVACS,25 HARDWARE,25 HARDWARE,25XX06 MISCELLANEOUS,25XX0606 SHOP/STEAM,02119,10722,7274,16.2,1.0,0000000090,Special Order Sales,EA,00001018240590103064,C,Online,Online,D-Ecomm,Online
7274-20180515-03439-090,3V,Sp. Srvc. Dsk  VPOS,2018,20182,2018004,201816,20180515,143615,000000001001105193,60 Litre (16 Gal.) 6.5 Peak HP W,25 HARDWARE,25 HARDWARE,25XX06 MISCELLANEOUS,25XX0606 SHOP/STEAM,02119,10722,7274,149.0,1.0,0000000090,Special Order Sales,EA,00001017843396027018,C,Online,Online,D-Ecomm,Online
7274-20180518-05484-090,3V,Sp. Srvc. Dsk  VPOS,2018,20182,2018004,201816,20180518,150513,000000001001028322,Intercept Micro Filter Bag with,25 HARDWARE,25 HARDWARE,25XX06 MISCELLANEOUS,25XX0606 SHOP/STEAM,02119,10722,7274,31.48,2.0,0000000090,Special Order Sales,EA,00001019075251127833,C,Online,Online,D-Ecomm,Online
7274-20180605-07857-090,3V,Sp. Srvc. Dsk  VPOS,2018,20182,2018005,201819,20180605,142207,000000001000665878,Ridgid 22.5L/6 US Gal Vac,25 HARDWARE,25 HARDWARE,25XX06 MISCELLANEOUS,25XX0606 SHOP/STEAM,02119,10722,7274,54.0,1.0,0000000090,Special Order Sales,EA,00001017936922468144,C,Online,Online,D-Ecomm,Online
7274-20180621-07209-090,3V,Sp. Srvc. Dsk  VPOS,2018,20182,2018005,201821,20180621,022352,000000001000152190,SB RIDGID 5GAL/19L 5HP WALL VAC,25 HARDWARE,25 HARDWARE,25XX06 MISCELLANEOUS,25XX0606 SHOP/STEAM,02119,10722,7274,145.0,1.0,0000000090,Special Order Sales,EA,00001019191962646743,C,Online,Online,D-Ecomm,Online
7274-20180621-09928-090,3V,Sp. Srvc. Dsk  VPOS,2018,20182,2018005,201821,20180621,155504,000000001000154880,SMALLFINE DUST BAGS FOR PROVACS,25 HARDWARE,25 HARDWARE,25XX06 MISCELLANEOUS,25XX0606 SHOP/STEAM,02119,10722,7274,32.4,2.0,0000000090,Special Order Sales,EA,00001019222315508056,C,Online,Online,D-Ecomm,Online
7274-20180911-04617-090,3V,Sp. Srvc. Dsk  VPOS,2018,20183,2018008,201833,20180911,162555,000000001000826917,SB Ridgid 6G/22.5L Vac,25 HARDWARE,25 HARDWARE,25XX06 MISCELLANEOUS,25XX0606 SHOP/STEAM,02119,10722,7274,79.82,1.0,0000000090,Special Order Sales,EA,00001018760445555947,C,Online,Online,D-Ecomm,Online
7274-20180912-06942-090,3V,Sp. Srvc. Dsk  VPOS,2018,20183,2018008,201833,20180912,165454,000000001000685197,Ridgid Wet Pick-Up Filter,25 HARDWARE,25 HARDWARE,25XX06 MISCELLANEOUS,25XX0606 SHOP/STEAM,02119,10722,7274,55.94,2.0,0000000090,Special Order Sales,EA,00001019467681634079,C,Online,Online,D-Ecomm,Online
7274-20180314-08976-090,3V,Sp. Srvc. Dsk  VPOS,2018,20181,2018002,201807,20180314,170702,000000001000862731,This universal feather board req,25 HARDWARE,25 HARDWARE,25XX07 POWER TOOL AC,25XX0705 ROUTING/ PL,02120,10735,7274,39.9,2.0,0000000090,Special Order Sales,EA,00001015520569369015,C,Online,Online,D-Ecomm,Online
7274-20180206-07380-090,3V,Sp. Srvc. Dsk  VPOS,2018,20181,2018001,201802,20180206,194759,000000001000788070,"RYOBI 10"" PORTABLE TABLE SAW",25 HARDWARE,25 HARDWARE,25XX08 JOB SITE TOOL,25XX0802 TABLE SAW,02121,10745,7274,269.0,1.0,0000000090,Special Order Sales,EA,00001017866603129698,C,Online,Online,D-Ecomm,Online
7274-20180612-04925-090,3V,Sp. Srvc. Dsk  VPOS,2018,20182,2018005,201820,20180612,131958,000000001000155721,"10"" Jobsite Table Saw",25 HARDWARE,25 HARDWARE,25XX08 JOB SITE TOOL,25XX0802 TABLE SAW,02121,10745,7274,398.0,1.0,0000000090,Special Order Sales,EA,00001015174151365431,C,Online,Online,D-Ecomm,Online
7274-20180415-00213-090,3V,Sp. Srvc. Dsk  VPOS,2018,20181,2018003,201811,20180415,104838,000000001000788427,"RYOBI 10"" SLIDE MITER SAW W/LASER",25 HARDWARE,25 HARDWARE,25XX08 JOB SITE TOOL,25XX0807 MITER SAWS,02121,10749,7274,168.0,1.0,0000000090,Special Order Sales,EA,00001015726354711385,P,Online,Online,D-Ecomm,Online
7274-20180419-04698-090,3V,Sp. Srvc. Dsk  VPOS,2018,20181,2018003,201812,20180419,164453,000000001000788427,"RYOBI 10"" SLIDE MITER SAW W/LASER",25 HARDWARE,25 HARDWARE,25XX08 JOB SITE TOOL,25XX0807 MITER SAWS,02121,10749,7274,168.0,1.0,0000000090,Special Order Sales,EA,00001015679488319190,C,Online,Online,D-Ecomm,Online
7274-20180420-06354-090,3V,Sp. Srvc. Dsk  VPOS,2018,20181,2018003,201812,20180420,104037,000000001000788427,"RYOBI 10"" SLIDE MITER SAW W/LASER",25 HARDWARE,25 HARDWARE,25XX08 JOB SITE TOOL,25XX0807 MITER SAWS,02121,10749,7274,168.0,1.0,0000000090,Special Order Sales,EA,00001018240102084236,P,Online,Online,D-Ecomm,Online
7274-20180417-08135-090,3V,Sp. Srvc. Dsk  VPOS,2018,20181,2018003,201812,20180417,182139,000000001001076574,"13"" Professional Laminate Floori",25 HARDWARE,25 HARDWARE,25XX08 JOB SITE TOOL,25XX0811 BAND SAWS,02121,10753,7274,148.0,1.0,0000000090,Special Order Sales,EA,00001017437555536444,C,Online,Online,D-Ecomm,Online
7274-20180517-01670-090,3V,Sp. Srvc. Dsk  VPOS,2018,20182,2018004,201816,20180517,141411,000000001000722325,SB Dewalt 20v Compact Drill/Driver,25 HARDWARE,25 HARDWARE,25XX09 PORTABLE POWE,25XX0904 CORDLESS DR,02122,10761,7274,98.0,1.0,0000000090,Special Order Sales,EA,00001017295546522012,C,Online,Online,D-Ecomm,Online
7274-20180611-00562-090,3V,Sp. Srvc. Dsk  VPOS,2018,20182,2018005,201820,20180611,135916,000000001000720074,"M18# Compact 1/2"" DD w/ Comp Batt",25 HARDWARE,25 HARDWARE,25XX09 PORTABLE POWE,25XX0904 CORDLESS DR,02122,10761,7274,129.0,1.0,0000000090,Special Order Sales,EA,00001019183501426415,C,Online,Online,D-Ecomm,Online
7274-20180720-07374-090,3V,Sp. Srvc. Dsk  VPOS,2018,20182,2018006,201825,20180720,194535,000000001001016182,SB DW 20V MAX Brushless Drill Driver,25 HARDWARE,25 HARDWARE,25XX09 PORTABLE POWE,25XX0904 CORDLESS DR,02122,10761,7274,-49.0,-1.0,0000000090,Special Order Return,EA,00001014448445657437,C,Online,Online,D-Ecomm,Online
7274-20180808-01613-090,3V,Sp. Srvc. Dsk  VPOS,2018,20183,2018007,201828,20180808,112601,000000001000720074,"M18# Compact 1/2"" DD w/ Comp Batt",25 HARDWARE,25 HARDWARE,25XX09 PORTABLE POWE,25XX0904 CORDLESS DR,02122,10761,7274,184.0,1.0,0000000090,Special Order Sales,EA,00001017349870890315,C,Online,Online,D-Ecomm,Online
7274-20180919-09916-090,3V,Sp. Srvc. Dsk  VPOS,2018,20183,2018008,201834,20180919,120524,000000001000666317,M12 RIGHT ANGLE DRILL,25 HARDWARE,25 HARDWARE,25XX09 PORTABLE POWE,25XX0904 CORDLESS DR,02122,10761,7274,199.0,1.0,0000000090,Special Order Sales,EA,00001016687343914299,C,Online,Online,D-Ecomm,Online
7274-20180416-00842-090,3V,Sp. Srvc. Dsk  VPOS,2018,20181,2018003,201812,20180416,101839,000000001000751342,Ryobi 18V Li-Ion Drill & Impact  Kit,25 HARDWARE,25 HARDWARE,25XX09 PORTABLE POWE,25XX0905 CORDLESS CO,02122,10762,7274,88.0,1.0,0000000090,Special Order Sales,EA,00001016477879803920,C,Online,Online,D-Ecomm,Online
7274-20180416-02704-090,3V,Sp. Srvc. Dsk  VPOS,2018,20181,2018003,201812,20180416,163818,000000001000854670,DEWALT 20V MAX* Li-Ion Compact 9,25 HARDWARE,25 HARDWARE,25XX09 PORTABLE POWE,25XX0905 CORDLESS CO,02122,10762,7274,749.0,1.0,0000000090,Special Order Sales,EA,00001004922720966456,P,Online,Online,D-Ecomm,Online
7274-20180531-01616-090,3V,Sp. Srvc. Dsk  VPOS,2018,20182,2018005,201818,20180531,115124,000000001000837744,RIDGID X5 Combo Kit,25 HARDWARE,25 HARDWARE,25XX09 PORTABLE POWE,25XX0905 CORDLESS CO,02122,10762,7274,798.0,2.0,0000000090,Special Order Sales,EA,00001019139537882940,C,Online,Online,D-Ecomm,Online
7274-20180926-02883-090,3V,Sp. Srvc. Dsk  VPOS,2018,20183,2018009,201835,20180926,095612,000000001000837744,RIDGID X5 Combo Kit,25 HARDWARE,25 HARDWARE,25XX09 PORTABLE POWE,25XX0905 CORDLESS CO,02122,10762,7274,448.0,1.0,0000000090,Special Order Sales,EA,00001018153047309543,C,Online,Online,D-Ecomm,Online
7274-20180130-05123-090,3V,Sp. Srvc. Dsk  VPOS,2018,20181,2018001,201801,20180130,234619,000000001000177133,"RIDGID 6"" Random Orbit Sander",25 HARDWARE,25 HARDWARE,25XX09 PORTABLE POWE,25XX0908 SANDERS,02122,10765,7274,148.0,1.0,0000000090,Special Order Sales,EA,00001017641226191264,P,Online,Online,D-Ecomm,Online
7274-20180228-08460-090,3V,Sp. Srvc. Dsk  VPOS,2018,20181,2018002,201805,20180228,205540,000000001000724393,M18 Cordless 20oz. Aluminum Barrel S,25 HARDWARE,25 HARDWARE,25XX09 PORTABLE POWE,25XX0910 SPECIALTY,02122,10767,7274,429.0,1.0,0000000090,Special Order Sales,EA,00001018190873199715,P,Online,Online,D-Ecomm,Online
7274-20180822-09748-090,3V,Sp. Srvc. Dsk  VPOS,2018,20183,2018007,201830,20180822,133558,000000001000796869,18-Volt One+ HybridPortable Fan,25 HARDWARE,25 HARDWARE,25XX09 PORTABLE POWE,25XX0910 SPECIALTY,02122,10767,7274,109.96,2.0,0000000090,Special Order Sales,EA,00001019338249789179,C,Online,Online,D-Ecomm,Online
7274-20180206-06714-090,3V,Sp. Srvc. Dsk  VPOS,2018,20181,2018001,201802,20180206,160031,000000001001040972,DW 20V MAX 1/2 Gal. Bare Wet/Dry Vac,25 HARDWARE,25 HARDWARE,25XX09 PORTABLE POWE,25XX0917 MISC. CORDL,02122,10774,7274,109.0,1.0,0000000090,Special Order Sales,EA,00001018253017910695,C,Online,Online,D-Ecomm,Online
7274-20180625-07396-090,3V,Sp. Srvc. Dsk  VPOS,2018,20182,2018006,201822,20180625,165432,000000001001066441,5 In. Tuck Pointer Grinder,25 HARDWARE,25 HARDWARE,25XX09 PORTABLE POWE,25XX0918 GRINDERS AN,02122,10775,7274,388.0,1.0,0000000090,Special Order Sales,EA,00001017541439221742,P,Online,Online,D-Ecomm,Online
7274-20180315-00676-090,3V,Sp. Srvc. Dsk  VPOS,2018,20181,2018002,201807,20180315,160554,000000001000761490,"20V MAX 1/2"" HT Wrench (Detent Pin)",25 HARDWARE,25 HARDWARE,25XX09 PORTABLE POWE,25XX0920 IMPACTS,02122,10777,7274,199.0,1.0,0000000090,Special Order Sales,EA,00001018836781245776,C,Online,Online,D-Ecomm,Online
7274-20181009-07884-090,3V,Sp. Srvc. Dsk  VPOS,2018,20183,2018009,201837,20181009,165523,000000001000661641,Melia Gripset Entrance Polish Brass,25 HARDWARE,25 HARDWARE,25XX10 DOOR LOCKS,25XX1002 ENTRY,02123,10779,7274,89.25,1.0,0000000090,Special Order Sales,EA,00001019555910394750,C,Online,Online,D-Ecomm,Online
7274-20181025-03830-090,3V,Sp. Srvc. Dsk  VPOS,2018,20183,2018009,201839,20181025,170315,000000001000766747,Bright Brass Door Handleset Plymouth,25 HARDWARE,25 HARDWARE,25XX10 DOOR LOCKS,25XX1002 ENTRY,02123,10779,7274,116.0,1.0,0000000090,Special Order Sales,EA,00001019595968475659,C,Online,Online,D-Ecomm,Online
7274-20180615-04691-090,3V,Sp. Srvc. Dsk  VPOS,2018,20182,2018005,201820,20180615,200132,000000001000794287,Aspen Passage Lever in Satin Chrome,25 HARDWARE,25 HARDWARE,25XX10 DOOR LOCKS,25XX1003 PASSAGE,02123,10780,7274,47.98,1.0,0000000090,Special Order Sales,EA,00001011458678689493,C,Online,Online,D-Ecomm,Online
7274-20180803-05197-090,3V,Sp. Srvc. Dsk  VPOS,2018,20183,2018007,201827,20180803,200557,000000001000731776,Vedani Passage Lever SN,25 HARDWARE,25 HARDWARE,25XX10 DOOR LOCKS,25XX1003 PASSAGE,02123,10780,7274,229.9,5.0,0000000090,Special Order Sales,EA,00001018725669360395,C,Online,Online,D-Ecomm,Online
7274-20180816-08063-090,3V,Sp. Srvc. Dsk  VPOS,2018,20183,2018007,201829,20180816,010440,000000001000794303,Troy Privacy Knob in Venetian Bronze,25 HARDWARE,25 HARDWARE,25XX10 DOOR LOCKS,25XX1004 PRIVACY,02123,10781,7274,332.82,9.0,0000000090,Special Order Sales,EA,00001018999239165698,C,Online,Online,D-Ecomm,Online
7274-20180320-07169-090,3V,Sp. Srvc. Dsk  VPOS,2018,20181,2018002,201808,20180320,150802,000000001000453470,HERITAGE HUNTINGTON HDLE ANT.BRASS,25 HARDWARE,25 HARDWARE,25XX10 DOOR LOCKS,25XX1005 HANDLESETS,02123,10782,7274,318.0,2.0,0000000090,Special Order Sales,EA,00001018884680789203,C,Online,Online,D-Ecomm,Online
7274-20181017-05345-090,3V,Sp. Srvc. Dsk  VPOS,2018,20183,2018009,201838,20181017,111708,000000001000848838,Elements Deadbolt VB,25 HARDWARE,25 HARDWARE,25XX10 DOOR LOCKS,25XX1006 DEADBOLTS,02123,10783,7274,27.98,1.0,0000000090,Special Order Sales,EA,00001017128853245479,C,Online,Online,D-Ecomm,Online
7274-20180518-03542-090,3V,Sp. Srvc. Dsk  VPOS,2018,20182,2018004,201816,20180518,023513,000000001000179592,Troy Combo SC,25 HARDWARE,25 HARDWARE,25XX10 DOOR LOCKS,25XX1007 COMBINATION,02123,10784,7274,175.68,2.0,0000000090,Special Order Sales,EA,00001017882106152429,C,Online,Online,D-Ecomm,Online
7274-20180420-07219-090,3V,Sp. Srvc. Dsk  VPOS,2018,20181,2018003,201812,20180420,140811,000000001000818861,"Professional Series, 54"" 12 drawer T",25 HARDWARE,25 HARDWARE,25XX11 STORAGE DEVIC,25XX1106 TOOL CHESTS,02124,10793,7274,899.0,1.0,0000000090,Special Order Sales,EA,00001018987863457010,C,Online,Online,D-Ecomm,Online
7274-20180523-06986-090,3V,Sp. Srvc. Dsk  VPOS,2018,20182,2018004,201817,20180523,134243,000000001001015306,"HKY 60"" 18Drw Chst&Cab Set",25 HARDWARE,25 HARDWARE,25XX11 STORAGE DEVIC,25XX1106 TOOL CHESTS,02124,10793,7274,798.0,1.0,0000000090,Special Order Sales,EA,00001019107485451365,C,Online,Online,D-Ecomm,Online
7274-20180625-05650-090,3V,Sp. Srvc. Dsk  VPOS,2018,20182,2018006,201822,20180625,095208,000000001001032615,HKY 52in 9 Drawer Mobile Work Center,25 HARDWARE,25 HARDWARE,25XX11 STORAGE DEVIC,25XX1106 TOOL CHESTS,02124,10793,7274,377.0,1.0,0000000090,Special Order Sales,EA,00001018077870954579,C,Online,Online,D-Ecomm,Online
7274-20180726-07978-090,3V,Sp. Srvc. Dsk  VPOS,2018,20182,2018006,201826,20180726,171722,000000001000652123,"4"" Outside Corner Post 1 1/4"" Cypres",22 BUILDING MATERIAL,22 BUILDING MATERIAL,22XX03 SIDING,22XX0302 VINYL,02028,10130,7274,99.8,4.0,0000000090,Special Order Sales,EA,00001019335253304894,C,Online,Online,D-Ecomm,Online
7274-20180911-03741-090,3V,Sp. Srvc. Dsk  VPOS,2018,20183,2018008,201833,20180911,093626,000000001000785492,Perfections Shingles Starter,22 BUILDING MATERIAL,22 BUILDING MATERIAL,22XX03 SIDING,22XX0302 VINYL,02028,10130,7274,31.12,4.0,0000000090,Special Order Sales,EA,00001017712377740142,C,Online,Online,D-Ecomm,Online
7274-20180621-00119-090,3V,Sp. Srvc. Dsk  VPOS,2018,20182,2018005,201821,20180621,164002,000000001000719210,QUICKCLICK STABILIZER,22 BUILDING MATERIAL,22 BUILDING MATERIAL,22XX08 LADDERS,22XX0805 ACCESSORIES,02030,10147,7274,49.98,1.0,0000000090,Special Order Sales,EA,00001019183676851811,C,Online,Online,D-Ecomm,Online
7274-20181002-05797-090,3V,Sp. Srvc. Dsk  VPOS,2018,20183,2018009,201836,20181002,164719,000000001000719210,QUICKCLICK STABILIZER,22 BUILDING MATERIAL,22 BUILDING MATERIAL,22XX08 LADDERS,22XX0805 ACCESSORIES,02030,10147,7274,54.95,1.0,0000000090,Special Order Sales,EA,00001002414111281019,C,Online,Online,D-Ecomm,Online
7274-20180214-08001-090,3V,Sp. Srvc. Dsk  VPOS,2018,20181,2018001,201803,20180214,120343,000000001000520296,20' GR IA FG EXT LADDER 300 LBS,22 BUILDING MATERIAL,22 BUILDING MATERIAL,22XX08 LADDERS,22XX0807 FIBERGLASS,02030,10149,7274,232.0,1.0,0000000090,Special Order Sales,EA,00001018695514185157,C,Online,Online,D-Ecomm,Online
7274-20180321-09093-090,3V,Sp. Srvc. Dsk  VPOS,2018,20181,2018002,201808,20180321,130205,000000001001064502,8 ft. Fiberglass Cross Step Ladd,22 BUILDING MATERIAL,22 BUILDING MATERIAL,22XX08 LADDERS,22XX0808 MULTIPOSITI,02030,10150,7274,201.0,1.0,0000000090,Special Order Sales,EA,00001018816230079786,P,Online,Online,D-Ecomm,Online
7274-20180803-04419-090,3V,Sp. Srvc. Dsk  VPOS,2018,20183,2018007,201827,20180803,131810,000000001001064501,4 ft. Fiberglass Cross Step Ladd,22 BUILDING MATERIAL,22 BUILDING MATERIAL,22XX08 LADDERS,22XX0808 MULTIPOSITI,02030,10150,7274,109.0,1.0,0000000090,Special Order Sales,EA,00001019361506925443,C,Online,Online,D-Ecomm,Online
7274-20180803-04196-090,3V,Sp. Srvc. Dsk  VPOS,2018,20183,2018007,201827,20180803,122110,000000001000799634,Attic Ladder (Wooden Insulated) LWP,22 BUILDING MATERIAL,22 BUILDING MATERIAL,22XX08 LADDERS,22XX0810 ATTIC LADDE,02030,10152,7274,420.0,1.0,0000000090,Special Order Sales,EA,00001018807162606819,P,Online,Online,D-Ecomm,Online
7274-20180913-09969-090,3V,Sp. Srvc. Dsk  VPOS,2018,20183,2018008,201833,20180913,182343,000000001001075415,High Reach Gutter Cleaning  Kit,22 BUILDING MATERIAL,22 BUILDING MATERIAL,22XX10 ROOFING,22XX1011 METAL GUTTE,02032,10179,7274,99.99,1.0,0000000090,Special Order Sales,EA,00001019450073316145,C,Online,Online,D-Ecomm,Online
7274-20180405-01986-090,3V,Sp. Srvc. Dsk  VPOS,2018,20181,2018003,201810,20180405,090555,000000001000785426,10-Steps Black Aluminium Stair Riser,22 BUILDING MATERIAL,22 BUILDING MATERIAL,22XX14 METAL PRODUCT,22XX1404 BUILDERS HA,02035,10201,7274,1004.0,4.0,0000000090,Special Order Sales,EA,00001018939340545669,C,Online,Online,D-Ecomm,Online
